generation,best_cost
0,195402.95810394053
1,195402.95810394053
2,195402.95810394053
3,195402.95810394053
4,195402.95810394053
5,195402.95810394053
6,195402.95810394053
7,195402.95810394053
8,195402.95810394053
9,195402.95810394053
10,195402.95810394053
11,195402.95810394053
12,195402.95810394053
13,195402.95810394053
14,195402.95810394053
15,195402.95810394053
16,195402.95810394053
17,195402.95810394053
18,195402.95810394053
19,195402.95810394053
