generation,best_cost
0,22945720.75291129
1,22858553.443305098
2,22600944.981654942
3,22600944.981654942
4,22530135.491715256
5,22431201.24433668
6,22431201.24433668
7,22368982.138780814
8,22368372.33484835
9,22368372.33484835
10,22241811.772527426
11,21845097.578021772
12,21845097.578021772
13,21806413.643184748
14,21529609.039354693
15,21529609.039354693
16,21424837.4182055
17,21334603.79678567
18,21332458.930104826
19,21242248.098630473
