{
    "population_size": 50,
    "max_generations": 25,
    "mutation_rate": 0.5,
    "mutation_choice": 0.5,
    "problem_size": 1000,
    "problem_alpha": 1,
    "problem_beta": 2,
    "problem_density": 0.2021181181181181,
    "baseline_cost": 37545927.70213464,
    "best_cost": 36718780.154270835
}