generation,best_cost
0,390028.72126288904
1,390028.72126288904
2,390028.72126288904
3,390028.72126288904
4,390028.72126288904
5,390028.72126288904
6,390028.72126288904
7,390028.72126288904
8,390028.72126288904
9,390028.72126288904
10,390028.72126288904
11,390028.72126288904
12,390028.72126288904
13,390028.72126288904
14,390028.72126288904
15,390028.72126288904
16,390028.72126288904
17,390028.72126288904
18,390028.72126288904
19,390028.72126288904
