{
    "population_size": 50,
    "max_generations": 25,
    "mutation_rate": 0.5,
    "mutation_choice": 0.5,
    "problem_size": 1000,
    "problem_alpha": 2,
    "problem_beta": 1,
    "problem_density": 0.2021181181181181,
    "baseline_cost": 390028.72126288974,
    "best_cost": 390021.8825337077
}