{
    "population_size": 100,
    "max_generations": 50,
    "mutation_rate": 0.5,
    "mutation_choice": 0.5,
    "problem_size": 100,
    "problem_alpha": 0.002,
    "problem_beta": 2,
    "problem_density": 0.22121212121212122,
    "baseline_cost": 128.83879654379413,
    "best_cost": 100.07226874653026
}