generation,best_cost
0,64948061.394189
1,64948061.394189
2,64948061.394189
3,64945467.237041295
4,64929182.792979866
5,64387982.38153167
6,64387982.38153167
7,64387982.38153167
8,64381021.22180864
9,64042827.7876752
10,64042827.7876752
11,63907514.0613447
12,63409090.74258393
13,63255274.967369065
14,62865418.648186505
15,62865418.648186505
16,62823253.28824316
17,62493096.210990295
18,62493096.210990295
19,62348655.949901596
