{
    "population_size": 100,
    "max_generations": 50,
    "mutation_rate": 0.5,
    "mutation_choice": 0.5,
    "problem_size": 100,
    "problem_alpha": 1,
    "problem_beta": 1,
    "problem_density": 0.22121212121212122,
    "baseline_cost": 25266.40561851072,
    "best_cost": 25234.877342680214
}