generation,best_cost
0,15819722.771924904
1,15819722.771924904
2,15819722.771924904
3,15795559.355924401
4,15795559.355924401
5,15795559.355924401
6,15746704.262889504
7,15746704.262889504
8,15746704.262889504
9,15746704.262889504
10,15709397.045157075
11,15709397.045157075
12,15660481.70323034
13,15609919.30321429
14,15609919.30321429
15,15595919.855334982
16,15444303.384687379
17,15443661.61034406
18,15405899.155374981
19,15390199.276081238
