generation,best_cost
0,182546.10026952848
1,182441.26603375695
2,182441.26603375695
3,182441.26603375695
4,182343.84953372128
5,182343.84953372128
6,182343.84953372128
7,182061.70796508537
8,182061.70796508537
9,182061.70796508537
10,181958.49346795515
11,181957.48375401984
12,181896.4567265992
13,181896.4567265992
14,181704.64809907397
15,181625.9027581202
16,181569.3558998584
17,181569.3558998584
18,181563.86601676425
19,181518.80885297645
