generation,best_cost
0,374383.4926560844
1,374317.0063130486
2,371505.81898173527
3,371426.6640001691
4,370528.4957091412
5,370528.4957091412
6,368569.1798987655
7,368569.1798987655
8,366944.94262729905
9,366944.94262729905
10,366944.94262729905
11,364802.26358904934
12,363702.47624908685
13,363701.43453678844
14,363069.81273004133
15,363033.7494068057
16,361371.79496808065
17,361371.79496808065
18,360978.75220779417
19,360978.75220779417
