{
    "population_size": 100,
    "max_generations": 50,
    "mutation_rate": 0.5,
    "mutation_choice": 0.5,
    "problem_size": 100,
    "problem_alpha": 0.001,
    "problem_beta": 2,
    "problem_density": 0.22121212121212122,
    "baseline_cost": 112.8359132676432,
    "best_cost": 77.34315019428674
}