generation,best_cost
0,87733519.21835709
1,87733519.21835709
2,87733519.21835709
3,87115354.59928003
4,87115354.59928003
5,86806485.85985714
6,86456499.67030618
7,86162387.9981729
8,86162387.9981729
9,85816944.01033771
10,85816944.01033771
11,85784639.89988671
12,85443098.50928532
13,85431100.69737312
14,85250603.0937167
15,85170458.06878938
16,85091480.5305893
17,85011335.50566201
18,84507258.63536637
19,84423180.3251752
