{
    "population_size": 50,
    "max_generations": 25,
    "mutation_rate": 0.5,
    "mutation_choice": 0.5,
    "problem_size": 1000,
    "problem_alpha": 2,
    "problem_beta": 2,
    "problem_density": 0.2021181181181181,
    "baseline_cost": 150181379.22370395,
    "best_cost": 146872810.24442753
}