{
    "population_size": 100,
    "max_generations": 50,
    "mutation_rate": 0.5,
    "mutation_choice": 0.5,
    "problem_size": 100,
    "problem_alpha": 2,
    "problem_beta": 1,
    "problem_density": 0.22121212121212122,
    "baseline_cost": 50425.30961817918,
    "best_cost": 50394.107497069795
}